{"data": [{"std_ys": [0.72698999414839, 0.4969305087290623, 0.2457036606082412, 0.16083020876821896], "ys": [[1.0385451855669263, 0.11448473391108394, 2.6911006821375345, 0.1835055251774662, 0.28328041875133714, 0.23672497343879684, 1.897213357253289, 1.6783622298654581, 0.2868910012271435, 0.2948093478135423, 0.1822882767884284, 0.4252261032973479, 1.3765608100023332, 0.169375679273557, 1.8997270560358626, 0.33126268036850703, 1.347028072318242, 0.32045808725537306, 1.204300822032291, 0.7813132225596107, 0.159537542293414, 2.5149349031423434, 0.800191001705203, 0.2518385631066451, 0.3754239819074954, 0.7647548586488568, 0.17585421804078472, 1.6553883316285294, 0.30758285321999246, 0.4243498955684082, 1.536736857419795, 1.1098215255529684, 0.1076984321672434, 1.9580811122088289, 2.411474421103243, 2.199053161495348, 1.4367194684617424, 0.638990696892396, 0.7523259820544013, 0.3604118414409445, 0.1324862442549719, 0.3759023296785404, 1.6701878566211583, 1.7836448324618939, 0.056058550172931376, 1.0695631771713838, 1.4132046535373668, 0.2102619329465476, 0.16363369730182775, 0.11961943523138352, 0.2845816481235932, 2.0793135094721116, 0.36684670841296274, 0.822651912976907, 1.0699048886045084, 1.072854478701963, 1.754404403406312, 0.39890272519404846, 0.2995924554683924, 1.0587834296538965], [1.1688479768467097, 0.11448474221123917, 0.23090661586746464, 0.18350551914987534, 0.2832804202382224, 0.23672497771705103, 2.0643463384658727, 0.32834885615731046, 0.22030679446444168, 0.2948093510272578, 0.18228830394754958, 0.9631871835764976, 0.3472569745929306, 0.16937568203804076, 0.43287554911551496, 0.2635135816295815, 0.3155470147707806, 0.32045809227585487, 1.2043008276373648, 1.1703943702590855, 0.15953753995382058, 0.25704608999591017, 0.3435472752038873, 0.25183857245657215, 0.3754239885647195, 1.101451205692351, 0.1758542024887504, 0.3699905176020497, 0.30758285054471024, 0.3119076940496619, 0.48684950453068154, 0.2880269956798056, 0.10769842797475171, 2.0591091005317654, 2.051967899521026, 0.41689537649977737, 0.44800913084709215, 0.8309641507508196, 1.5630947594545752, 0.3604118500423308, 0.13248624407906817, 0.37590234605725037, 0.5766013618987031, 0.4835701146362652, 0.05605856458480396, 0.4221034589819084, 1.069674412628327, 0.2102619331962412, 0.16363368460097405, 0.11961943566004685, 0.2845816470670961, 0.24664610463410241, 0.2507655475427679, 0.404263083827864, 1.1098575859300723, 0.4137585257079319, 1.3667709030963646, 0.22884066574589212, 0.3497546632251396, 1.0587834261564506], [0.5499016266890315, 0.11448474155532296, 0.23090661723245454, 0.1835055243631114, 0.28328042001140297, 0.23672498682017107, 0.5365749857364577, 0.20407381705524585, 0.2203067876832172, 0.2948093512837122, 0.1822883024861408, 0.4252261033307061, 0.34725696154158214, 0.169375679273557, 0.4328755492960461, 0.2635135793559762, 0.28961728042065893, 0.320458094020001, 1.9321141106577926, 0.5161521700269702, 0.1595375401044059, 0.21409495331513284, 0.3435472860135569, 0.2518385478594656, 0.3754239796372527, 0.2790897935962171, 0.175854218112228, 0.5152503815881175, 0.38314341558918485, 0.3119076944870791, 0.36226716007646154, 0.28802699506006313, 0.10769843145130409, 0.3199647946300175, 0.47893528052865797, 0.44154244241472185, 0.44800913437981116, 0.6389906965775083, 0.5368653504286751, 0.2886273740558529, 0.13248624464170433, 0.3759023446547314, 0.576601363413463, 0.4835701334082678, 0.05605855835970175, 0.35894947439101976, 0.5138067689331507, 0.21026193336028598, 0.1636337057080013, 0.11961943300877564, 0.2845816454226444, 0.24664610463410241, 0.25076555355988006, 0.4042630841487522, 0.4444723365211267, 0.4137585267702715, 0.49780385431919427, 0.22884066321093854, 0.29959245885078367, 0.43786203715146677], [1.0385451972868793, 0.11448473393106795, 0.23090662070086942, 0.1835055117599076, 0.35975312883369526, 0.2367249933173845, 0.5764945602322022, 0.20407378576513047, 0.22030678664832593, 0.2948093495874389, 0.18228830355758774, 0.4252260995620887, 0.3472569738762701, 0.1693756819751293, 0.43287554960394026, 0.2635135776030797, 0.2675659560799488, 0.32045809385361146, 0.37894295249941123, 0.5161521693503133, 0.15953753978772411, 0.21409494232253756, 0.34354729003800166, 0.25183856920116376, 0.3754239821349117, 0.27908979616112717, 0.17585421719785366, 0.36999051852314757, 0.30758285329345014, 0.31190769188267886, 0.47522164824903257, 0.2880269948435501, 0.10769843229563314, 0.3199647857567349, 0.47893528584042855, 0.4168953795459238, 0.44800913525397235, 0.6577771974384561, 0.5368653492803332, 0.2886273771349792, 0.1324862441343484, 0.37590234501834985, 0.5766013625289208, 0.4835701203441882, 0.056058565209887945, 0.3589494701837186, 0.5138067685569876, 0.21026193357051604, 0.16363369841639752, 0.11961942764775557, 0.2845816434331727, 0.24664610463410241, 0.2507655488397873, 0.40426309133439275, 0.44447234392688806, 0.4137585265729111, 0.4978038609395199, 0.22884065635784978, 0.2995924641810479, 0.4378620346997]], "m_ys": [0.8814337797087568, 0.534765000227183, 0.35255897305355893, 0.3344937537122727], "name": "MMDE", "xs": [290, 870, 9860, 99760]}, {"std_ys": [0.5054171055149534, 0.43488354200411533, 0.441943107283713, 0.19421832775739956],